Workbook

Sheet Raw_Data
A1: Event_Date | B1: City | C1: Country | D1: Venue | E1: Venue_Capacity | F1: Estimated_Attendance | G1: Attendance_Rate | H1: Region
A2: 45636 | B2: Goyang | C2: South Korea | D2: Goyang Stadium | E2: 41311 | F2: 28710 | G2: 1 | H2: ASIA
A3: 10/13/2024 | B3: Goyang | C3: South Korea | D3: Goyang Stadium | E3: 41311 | F3: 28710 | G3: 1 | H3: ASIA
A4: 10/22/24 | B4: Rosemont | C4: United States | D4: Allstate Arena | E4: 18500 | F4: 10904 | G4: 1 | H4: US
A5: 10/23/24 | B5: Rosemont | C5: United States | D5: Allstate Arena | E5: 18500 | F5: 10904 | G5: 1 | H5: US
A6: 10/25/24 | B6: Elmont | C6: United States | D6: UBS Arena | E6: 19000 | F6: 12766 | G6: 1 | H6: US
A7: 10/27/24 | B7: Elmont | C7: United States | D7: UBS Arena | E7: 19000 | F7: 12766 | G7: 1 | H7: US
A8: 10/31/2024 | B8: San Antonio | C8: United States | D8: Frost Bank Center | E8: 19000 | F8: 12861 | G8: 1 | H8: US
A9: 45302 | B9: San Antonio | C9: United States | D9: Frost Bank Center | E9: 19000 | F9: 12862 | G9: 1 | H9: US
A10: 45423 | B10: Oakland | C10: United States | D10: Oakland Arena | E10: 19200 | F10: 11704 | G10: 1 | H10: US
A11: 45454 | B11: Oakland | C11: United States | D11: Oakland Arena | E11: 19200 | F11: 11704 | G11: 1 | H11: US
A12: 45546 | B12: Los Angeles | C12: United States | D12: BMO Stadium | E12: 24000 | F12: 21534 | G12: 1 | H12: US
A13: 45576 | B13: Los Angeles | C13: United States | D13: BMO Stadium | E13: 24000 | F13: 21534 | G13: 1 | H13: US
A14: 11/29/2024 | B14: Nagoya | C14: Japan | D14: Vantelin Dome | E14: 50000 | F14: 38010 | G14: 1 | H14: ASIA
A15: 11/30/2024 | B15: Nagoya | C15: Japan | D15: Vantelin Dome | E15: 50000 | F15: 38010 | G15: 1 | H15: ASIA
A16: 45394 | B16: Tokyo | C16: Japan | D16: Tokyo Dome | E16: 55000 | F16: 43881 | G16: 1 | H16: ASIA
A17: 45424 | B17: Tokyo | C17: Japan | D17: Tokyo Dome | E17: 55000 | F17: 43881 | G17: 1 | H17: ASIA
A18: 45638 | B18: Osaka | C18: Japan | D18: Kyocera Dome | E18: 55000 | F18: 37383 | G18: 1 | H18: ASIA
A19: 12/14/2024 | B19: Osaka | C19: Japan | D19: Kyocera Dome | E19: 55000 | F19: 37383 | G19: 1 | H19: ASIA
A20: 12/15/2024 | B20: Osaka | C20: Japan | D20: Kyocera Dome | E20: 55000 | F20: 37383 | G20: 1 | H20: ASIA
A21: 12/19/2024 | B21: Fukuoka | C21: Japan | D21: Mizuho PayPay Dome | E21: 40000 | F21: 35523 | G21: 1 | H21: ASIA
A22: 12/21/2024 | B22: Fukuoka | C22: Japan | D22: Mizuho PayPay Dome | E22: 40000 | F22: 35523 | G22: 1 | H22: ASIA
A23: 12/22/2024 | B23: Fukuoka | C23: Japan | D23: Mizuho PayPay Dome | E23: 40000 | F23: 35523 | G23: 1 | H23: ASIA
A24: 1/18/2025 | B24: Bulacan | C24: Philippines | D24: Philippine Sports Stadium | E24: 25000 | F24: 28818 | G24: 0.9599 | H24: ASIA
A25: 1/19/2025 | B25: Bulacan | C25: Philippines | D25: Philippine Sports Stadium | E25: 25000 | F25: 28818 | G25: 0.9599 | H25: ASIA
A26: 1/25/2025 | B26: Kallang | C26: Singapore | D26: National Stadium | E26: 55000 | F26: 36992 | G26: 0.9953 | H26: ASIA
A27: 1/26/2025 | B27: Kallang | C27: Singapore | D27: National Stadium | E27: 55000 | F27: 36992 | G27: 1 | H27: ASIA
A28: 45871 | B28: Jakarta | C28: Indonesia | D28: Jakarta International Stadium | E28: 83000 | F28: 32409 | G28: 0.8568 | H28: ASIA
A29: 45902 | B29: Jakarta | C29: Indonesia | D29: Jakarta International Stadium | E29: 83000 | F29: 32409 | G29: 0.8568 | H29: ASIA
A30: 2/15/2025 | B30: Bangkok | C30: Thailand | D30: Rajamangala National Stadium | E30: 65000 | F30: 34424 | G30: 0.9702 | H30: ASIA
A31: 2/16/2025 | B31: Bangkok | C31: Thailand | D31: Rajamangala National Stadium | E31: 65000 | F31: 34424 | G31: 0.9702 | H31: ASIA

Sheet Assumptions
A1: Assumptions & Methodology
A3: Section A: Attendance Assumptions
A5: Attendance_Rate column in Raw_Data represents % of venue capacity for each concert date.
A7: Section B: Emissions Factors (Estimated)
A9: Category | B9: Emission Factor (kg CO₂ per attendee) | C9: Notes
A10: Audience Travel | B10: 15 | C10: Simplified average travel emission per attendee
A11: Venue Energy Use | B11: 5 | C11: Estimated energy-related emissions per attendee
A13: Section C: Notes and Limitations
A14: All emission values are estimated using simplified assumptions and publicly available information. This project is for educational purposes only and does not represent official or audited ESG data.

Sheet Clean_Data
A1: Event_Date | B1: City | C1: Venue | D1: Estimated_Attendance | E1: Travel_Emission_kg | F1: Energy_Emission_kg | G1: Total_Emission_kg | H1: Emission_per_Attendee_kg | I1: Region
A2: =Raw_Data!A2 -> 45636 | B2: =Raw_Data!B2 -> Goyang | C2: =Raw_Data!D2 -> Goyang Stadium | D2: 28710 | E2: =D2 * Assumptions!B10 -> 430650 | F2: =D2 * Assumptions!B11 -> 143550 | G2: =E2 + F2 -> 574200 | H2: =G2/D2 -> 20 | I2: =Raw_Data!H2 -> ASIA
A3: =Raw_Data!A3 -> 10/13/2024 | B3: =Raw_Data!B3 -> Goyang | C3: =Raw_Data!D3 -> Goyang Stadium | D3: 28710 | E3: =D3 * Assumptions!B10 -> 430650 | F3: =D3 * Assumptions!B11 -> 143550 | G3: =E3 + F3 -> 574200 | H3: =G3/D3 -> 20 | I3: =Raw_Data!H3 -> ASIA
A4: =Raw_Data!A4 -> 10/22/24 | B4: =Raw_Data!B4 -> Rosemont | C4: =Raw_Data!D4 -> Allstate Arena | D4: 10904 | E4: =D4 * Assumptions!B10 -> 163560 | F4: =D4 * Assumptions!B11 -> 54520 | G4: =E4 + F4 -> 218080 | H4: =G4/D4 -> 20 | I4: =Raw_Data!H4 -> US
A5: =Raw_Data!A5 -> 10/23/24 | B5: =Raw_Data!B5 -> Rosemont | C5: =Raw_Data!D5 -> Allstate Arena | D5: 10904 | E5: =D5 * Assumptions!B10 -> 163560 | F5: =D5 * Assumptions!B11 -> 54520 | G5: =E5 + F5 -> 218080 | H5: =G5/D5 -> 20 | I5: =Raw_Data!H5 -> US
A6: =Raw_Data!A6 -> 10/25/24 | B6: =Raw_Data!B6 -> Elmont | C6: =Raw_Data!D6 -> UBS Arena | D6: 12766 | E6: =D6 * Assumptions!B10 -> 191490 | F6: =D6 * Assumptions!B11 -> 63830 | G6: =E6 + F6 -> 255320 | H6: =G6/D6 -> 20 | I6: =Raw_Data!H6 -> US
A7: =Raw_Data!A7 -> 10/27/24 | B7: =Raw_Data!B7 -> Elmont | C7: =Raw_Data!D7 -> UBS Arena | D7: 12766 | E7: =D7 * Assumptions!B10 -> 191490 | F7: =D7 * Assumptions!B11 -> 63830 | G7: =E7 + F7 -> 255320 | H7: =G7/D7 -> 20 | I7: =Raw_Data!H7 -> US
A8: =Raw_Data!A8 -> 10/31/2024 | B8: =Raw_Data!B8 -> San Antonio | C8: =Raw_Data!D8 -> Frost Bank Center | D8: 12861 | E8: =D8 * Assumptions!B10 -> 192915 | F8: =D8 * Assumptions!B11 -> 64305 | G8: =E8 + F8 -> 257220 | H8: =G8/D8 -> 20 | I8: =Raw_Data!H8 -> US
A9: =Raw_Data!A9 -> 45302 | B9: =Raw_Data!B9 -> San Antonio | C9: =Raw_Data!D9 -> Frost Bank Center | D9: 12862 | E9: =D9 * Assumptions!B10 -> 192930 | F9: =D9 * Assumptions!B11 -> 64310 | G9: =E9 + F9 -> 257240 | H9: =G9/D9 -> 20 | I9: =Raw_Data!H9 -> US
A10: =Raw_Data!A10 -> 45423 | B10: =Raw_Data!B10 -> Oakland | C10: =Raw_Data!D10 -> Oakland Arena | D10: 11704 | E10: =D10 * Assumptions!B10 -> 175560 | F10: =D10 * Assumptions!B11 -> 58520 | G10: =E10 + F10 -> 234080 | H10: =G10/D10 -> 20 | I10: =Raw_Data!H10 -> US
A11: =Raw_Data!A11 -> 45454 | B11: =Raw_Data!B11 -> Oakland | C11: =Raw_Data!D11 -> Oakland Arena | D11: 11704 | E11: =D11 * Assumptions!B10 -> 175560 | F11: =D11 * Assumptions!B11 -> 58520 | G11: =E11 + F11 -> 234080 | H11: =G11/D11 -> 20 | I11: =Raw_Data!H11 -> US
A12: =Raw_Data!A12 -> 45546 | B12: =Raw_Data!B12 -> Los Angeles | C12: =Raw_Data!D12 -> BMO Stadium | D12: 21534 | E12: =D12 * Assumptions!B10 -> 323010 | F12: =D12 * Assumptions!B11 -> 107670 | G12: =E12 + F12 -> 430680 | H12: =G12/D12 -> 20 | I12: =Raw_Data!H12 -> US
A13: =Raw_Data!A13 -> 45576 | B13: =Raw_Data!B13 -> Los Angeles | C13: =Raw_Data!D13 -> BMO Stadium | D13: 21534 | E13: =D13 * Assumptions!B10 -> 323010 | F13: =D13 * Assumptions!B11 -> 107670 | G13: =E13 + F13 -> 430680 | H13: =G13/D13 -> 20 | I13: =Raw_Data!H13 -> US
A14: =Raw_Data!A14 -> 11/29/2024 | B14: =Raw_Data!B14 -> Nagoya | C14: =Raw_Data!D14 -> Vantelin Dome | D14: 38010 | E14: =D14 * Assumptions!B10 -> 570150 | F14: =D14 * Assumptions!B11 -> 190050 | G14: =E14 + F14 -> 760200 | H14: =G14/D14 -> 20 | I14: =Raw_Data!H14 -> ASIA
A15: =Raw_Data!A15 -> 11/30/2024 | B15: =Raw_Data!B15 -> Nagoya | C15: =Raw_Data!D15 -> Vantelin Dome | D15: 38010 | E15: =D15 * Assumptions!B10 -> 570150 | F15: =D15 * Assumptions!B11 -> 190050 | G15: =E15 + F15 -> 760200 | H15: =G15/D15 -> 20 | I15: =Raw_Data!H15 -> ASIA
A16: =Raw_Data!A16 -> 45394 | B16: =Raw_Data!B16 -> Tokyo | C16: =Raw_Data!D16 -> Tokyo Dome | D16: 43881 | E16: =D16 * Assumptions!B10 -> 658215 | F16: =D16 * Assumptions!B11 -> 219405 | G16: =E16 + F16 -> 877620 | H16: =G16/D16 -> 20 | I16: =Raw_Data!H16 -> ASIA
A17: =Raw_Data!A17 -> 45424 | B17: =Raw_Data!B17 -> Tokyo | C17: =Raw_Data!D17 -> Tokyo Dome | D17: 43881 | E17: =D17 * Assumptions!B10 -> 658215 | F17: =D17 * Assumptions!B11 -> 219405 | G17: =E17 + F17 -> 877620 | H17: =G17/D17 -> 20 | I17: =Raw_Data!H17 -> ASIA
A18: =Raw_Data!A18 -> 45638 | B18: =Raw_Data!B18 -> Osaka | C18: =Raw_Data!D18 -> Kyocera Dome | D18: 37383 | E18: =D18 * Assumptions!B10 -> 560745 | F18: =D18 * Assumptions!B11 -> 186915 | G18: =E18 + F18 -> 747660 | H18: =G18/D18 -> 20 | I18: =Raw_Data!H18 -> ASIA
A19: =Raw_Data!A19 -> 12/14/2024 | B19: =Raw_Data!B19 -> Osaka | C19: =Raw_Data!D19 -> Kyocera Dome | D19: 37383 | E19: =D19 * Assumptions!B10 -> 560745 | F19: =D19 * Assumptions!B11 -> 186915 | G19: =E19 + F19 -> 747660 | H19: =G19/D19 -> 20 | I19: =Raw_Data!H19 -> ASIA
A20: =Raw_Data!A20 -> 12/15/2024 | B20: =Raw_Data!B20 -> Osaka | C20: =Raw_Data!D20 -> Kyocera Dome | D20: 37383 | E20: =D20 * Assumptions!B10 -> 560745 | F20: =D20 * Assumptions!B11 -> 186915 | G20: =E20 + F20 -> 747660 | H20: =G20/D20 -> 20 | I20: =Raw_Data!H20 -> ASIA
A21: =Raw_Data!A21 -> 12/19/2024 | B21: =Raw_Data!B21 -> Fukuoka | C21: =Raw_Data!D21 -> Mizuho PayPay Dome | D21: 35523 | E21: =D21 * Assumptions!B10 -> 532845 | F21: =D21 * Assumptions!B11 -> 177615 | G21: =E21 + F21 -> 710460 | H21: =G21/D21 -> 20 | I21: =Raw_Data!H21 -> ASIA
A22: =Raw_Data!A22 -> 12/21/2024 | B22: =Raw_Data!B22 -> Fukuoka | C22: =Raw_Data!D22 -> Mizuho PayPay Dome | D22: 35523 | E22: =D22 * Assumptions!B10 -> 532845 | F22: =D22 * Assumptions!B11 -> 177615 | G22: =E22 + F22 -> 710460 | H22: =G22/D22 -> 20 | I22: =Raw_Data!H22 -> ASIA
A23: =Raw_Data!A23 -> 12/22/2024 | B23: =Raw_Data!B23 -> Fukuoka | C23: =Raw_Data!D23 -> Mizuho PayPay Dome | D23: 35523 | E23: =D23 * Assumptions!B10 -> 532845 | F23: =D23 * Assumptions!B11 -> 177615 | G23: =E23 + F23 -> 710460 | H23: =G23/D23 -> 20 | I23: =Raw_Data!H23 -> ASIA
A24: =Raw_Data!A24 -> 1/18/2025 | B24: =Raw_Data!B24 -> Bulacan | C24: =Raw_Data!D24 -> Philippine Sports Stadium | D24: 28818 | E24: =D24 * Assumptions!B10 -> 432270 | F24: =D24 * Assumptions!B11 -> 144090 | G24: =E24 + F24 -> 576360 | H24: =G24/D24 -> 20 | I24: =Raw_Data!H24 -> ASIA
A25: =Raw_Data!A25 -> 1/19/2025 | B25: =Raw_Data!B25 -> Bulacan | C25: =Raw_Data!D25 -> Philippine Sports Stadium | D25: 28818 | E25: =D25 * Assumptions!B10 -> 432270 | F25: =D25 * Assumptions!B11 -> 144090 | G25: =E25 + F25 -> 576360 | H25: =G25/D25 -> 20 | I25: =Raw_Data!H25 -> ASIA
A26: =Raw_Data!A26 -> 1/25/2025 | B26: =Raw_Data!B26 -> Kallang | C26: =Raw_Data!D26 -> National Stadium | D26: 36992 | E26: =D26 * Assumptions!B10 -> 554880 | F26: =D26 * Assumptions!B11 -> 184960 | G26: =E26 + F26 -> 739840 | H26: =G26/D26 -> 20 | I26: =Raw_Data!H26 -> ASIA
A27: =Raw_Data!A27 -> 1/26/2025 | B27: =Raw_Data!B27 -> Kallang | C27: =Raw_Data!D27 -> National Stadium | D27: 36992 | E27: =D27 * Assumptions!B10 -> 554880 | F27: =D27 * Assumptions!B11 -> 184960 | G27: =E27 + F27 -> 739840 | H27: =G27/D27 -> 20 | I27: =Raw_Data!H27 -> ASIA
A28: =Raw_Data!A28 -> 45871 | B28: =Raw_Data!B28 -> Jakarta | C28: =Raw_Data!D28 -> Jakarta International Stadium | D28: 32409 | E28: =D28 * Assumptions!B10 -> 486135 | F28: =D28 * Assumptions!B11 -> 162045 | G28: =E28 + F28 -> 648180 | H28: =G28/D28 -> 20 | I28: =Raw_Data!H28 -> ASIA
A29: =Raw_Data!A29 -> 45902 | B29: =Raw_Data!B29 -> Jakarta | C29: =Raw_Data!D29 -> Jakarta International Stadium | D29: 32409 | E29: =D29 * Assumptions!B10 -> 486135 | F29: =D29 * Assumptions!B11 -> 162045 | G29: =E29 + F29 -> 648180 | H29: =G29/D29 -> 20 | I29: =Raw_Data!H29 -> ASIA
A30: =Raw_Data!A30 -> 2/15/2025 | B30: =Raw_Data!B30 -> Bangkok | C30: =Raw_Data!D30 -> Rajamangala National Stadium | D30: 34424 | E30: =D30 * Assumptions!B10 -> 516360 | F30: =D30 * Assumptions!B11 -> 172120 | G30: =E30 + F30 -> 688480 | H30: =G30/D30 -> 20 | I30: =Raw_Data!H30 -> ASIA
A31: =Raw_Data!A31 -> 2/16/2025 | B31: =Raw_Data!B31 -> Bangkok | C31: =Raw_Data!D31 -> Rajamangala National Stadium | D31: 34424 | E31: =D31 * Assumptions!B10 -> 516360 | F31: =D31 * Assumptions!B11 -> 172120 | G31: =E31 + F31 -> 688480 | H31: =G31/D31 -> 20 | I31: =Raw_Data!H31 -> ASIA

Sheet Analysis
A3: Row Labels | B3: Sum of Travel_Emission_kg | C3: Sum of Energy_Emission_kg | D3: Sum of Total_Emission_kg
A4: ASIA | B4: 10578090 | C4: 3526030 | D4: 14104120
A5: Osaka | B5: 1682235 | C5: 560745 | D5: 2242980
A6: Fukuoka | B6: 1598535 | C6: 532845 | D6: 2131380
A7: Tokyo | B7: 1316430 | C7: 438810 | D7: 1755240
A8: Nagoya | B8: 1140300 | C8: 380100 | D8: 1520400
A9: Kallang | B9: 1109760 | C9: 369920 | D9: 1479680
A10: Bangkok | B10: 1032720 | C10: 344240 | D10: 1376960
A11: Jakarta | B11: 972270 | C11: 324090 | D11: 1296360
A12: Bulacan | B12: 864540 | C12: 288180 | D12: 1152720
A13: Goyang | B13: 861300 | C13: 287100 | D13: 1148400
A14: US | B14: 2093085 | C14: 697695 | D14: 2790780
A15: Los Angeles | B15: 646020 | C15: 215340 | D15: 861360
... A20: Grand Total | B20: 12671175 | C20: 4223725 | D20: 16894900
